Material_Name,Material_Type,Strength_MPa,Biodegradability,Recyclability,CO2_kg_per_kg,Cost_per_kg
Mushroom Packaging,Bio-composite,5.039668396177001,1.0,1.0,0.19856230293683363,3.9075197418778296
Virgin PET,Plastic,60.315294547104216,0.0,0.9,2.5110425704375796,1.7550310891622953
Recycled PET,Recycled Plastic,53.93519589767424,0.0,1.0,1.164144996188681,2.0751902683525008
Aluminum,Metal,198.99813900836324,0.0,1.0,12.358863803043489,2.3920415476188057
Mushroom Packaging,Bio-composite,4.790019898433167,1.0,1.0,0.19685091330417026,3.969659047863095
PLA (Bio-plastic),Biopolymer,52.485351124785936,0.95,0.2,0.5114538865589475,3.3675351671078504
Aluminum,Metal,201.291313534841,0.0,1.0,12.13350892884687,2.4658691030744895
Glass,Glass,41.21209918564517,0.0,1.0,0.9881938923546766,0.5134169093851553
Recycled PET,Recycled Plastic,53.770131725296395,0.0,1.0,1.1834597152574893,2.019356281886346
Mushroom Packaging,Bio-composite,4.8330607418614875,1.0,1.0,0.2022018283623952,4.132708188314089
Glass,Glass,39.127821072489134,0.0,1.0,1.0142124322881043,0.4983782599951404
Aluminum,Metal,196.94788434072217,0.0,1.0,12.122507946844655,2.4697144379907816
PLA (Bio-plastic),Biopolymer,50.93994650957365,0.95,0.2,0.48957503064435004,3.409349060732571
Aluminum,Metal,208.39703736791571,0.0,1.0,11.524053240888154,2.6197198449043997
Recycled PET,Recycled Plastic,57.37841050786271,0.0,1.0,1.1938291957844411,2.0960949771244994
Glass,Glass,38.75211510627723,0.0,1.0,0.9601782348000404,0.524771800567252
Virgin PET,Plastic,58.82903337990701,0.0,0.9,2.3818528835206627,1.8850033761472167
Aluminum,Metal,200.78984455357127,0.0,1.0,11.731575046375204,2.511073308384554
Mushroom Packaging,Bio-composite,5.220702430552699,1.0,1.0,0.19783527340295665,3.932784741150394
Glass,Glass,41.71979540177699,0.0,1.0,1.0444390304671702,0.5054029643551765
Glass,Glass,40.469977203226186,0.0,1.0,1.0323340096240825,0.48745895954939505
Virgin PET,Plastic,60.84916179636314,0.0,0.9,2.529751483355469,1.8691022338421939
Recycled PET,Recycled Plastic,54.09938308828136,0.0,1.0,1.2508738627077636,2.1776488164025904
Aluminum,Metal,202.27101373805914,0.0,1.0,12.152916501424134,2.4087195930293808
Cardboard,Paper,14.817395753761378,1.0,1.0,0.8098821915427493,0.6669660075950922
PLA (Bio-plastic),Biopolymer,49.246188958522794,0.95,0.2,0.5180711709988595,3.631530529677759
Recycled PET,Recycled Plastic,54.247585405663514,0.0,1.0,1.1512857015690299,2.187610960158753
Cardboard,Paper,14.455201795339265,1.0,1.0,0.7921510778730876,0.6871837599250791
Aluminum,Metal,190.84259593861924,0.0,1.0,12.350480708832299,2.38733412951753
Cardboard,Paper,15.50019031247832,1.0,1.0,0.8168130380893288,0.6656740470633786
Glass,Glass,41.70866728317677,0.0,1.0,0.973438377700966,0.5210169165274978
Mushroom Packaging,Bio-composite,4.902003426143455,1.0,1.0,0.2060342172019971,4.074566763422747
PLA (Bio-plastic),Biopolymer,50.631443881846025,0.95,0.2,0.4793373515351912,3.6451570047304727
Aluminum,Metal,190.7018663180797,0.0,1.0,12.459442741796266,2.6014332960962703
PLA (Bio-plastic),Biopolymer,49.97544306664782,0.95,0.2,0.485883887457184,3.4621898932451027
Mushroom Packaging,Bio-composite,4.837672663947108,1.0,1.0,0.19080561895200598,3.9712348281476646
Aluminum,Metal,197.79374230476762,0.0,1.0,11.897389044416297,2.4329170349877263
Aluminum,Metal,197.7334611856493,0.0,1.0,11.995423458683252,2.4962935199908416
PLA (Bio-plastic),Biopolymer,51.69281606843634,0.95,0.2,0.496595653438581,3.3479241180424446
Mushroom Packaging,Bio-composite,4.808898319871079,1.0,1.0,0.2052142842758277,4.136007371247396
Recycled PET,Recycled Plastic,54.1061030736339,0.0,1.0,1.2181806661665917,2.152791835284043
Mushroom Packaging,Bio-composite,5.163663809586646,1.0,1.0,0.19098904519885931,4.003327125972529
Cardboard,Paper,14.45101741478944,1.0,1.0,0.7994837604933722,0.6863015573508051
Glass,Glass,38.84185995350221,0.0,1.0,0.9737269911980336,0.48637459422082263
Virgin PET,Plastic,62.51576419044449,0.0,0.9,2.47061748323486,1.8200806644924612
Glass,Glass,39.03918018679373,0.0,1.0,0.9931469647582628,0.48895396852191203
Mushroom Packaging,Bio-composite,4.8734189827103656,1.0,1.0,0.19335614321973205,4.1166082104240544
Recycled PET,Recycled Plastic,56.658999582475424,0.0,1.0,1.184378864843549,1.9952507181772785
Cardboard,Paper,15.699736040355567,1.0,1.0,0.8005557742235407,0.6819330425094863
Mushroom Packaging,Bio-composite,5.163985834913073,1.0,1.0,0.19918022946827435,4.040930935639899
Mushroom Packaging,Bio-composite,4.880296960200867,1.0,1.0,0.20857798975230102,4.173653539802971
Virgin PET,Plastic,62.916972859286794,0.0,0.9,2.5694930751095586,1.725197334269206
Cardboard,Paper,14.426618245277435,1.0,1.0,0.7920878925980915,0.6763264862227047
Cardboard,Paper,14.377145709349746,1.0,1.0,0.8184071155929558,0.7118967667638013
Glass,Glass,40.257188318942895,0.0,1.0,1.0095634596077645,0.5225796338245581
Mushroom Packaging,Bio-composite,5.193001231073487,1.0,1.0,0.20023312773113688,4.09377858340532
PLA (Bio-plastic),Biopolymer,51.103115454425186,0.95,0.2,0.48541443177197385,3.496626076953566
Virgin PET,Plastic,60.15336346819446,0.0,0.9,2.5482607207772756,1.8523165740795873
PLA (Bio-plastic),Biopolymer,49.25886336640033,0.95,0.2,0.5057440232177786,3.5405542494430806
Aluminum,Metal,191.75918979271563,0.0,1.0,11.421343056583506,2.6109675076476213
Mushroom Packaging,Bio-composite,5.09604147296743,1.0,1.0,0.19534542287981063,3.9234349515347633
Recycled PET,Recycled Plastic,52.6524057017284,0.0,1.0,1.1601630748724752,2.0674547588209715
Mushroom Packaging,Bio-composite,4.824474739606172,1.0,1.0,0.19442731449201767,3.903446215845191
Aluminum,Metal,197.41235310715237,0.0,1.0,12.396573503671974,2.4715964750125083
Cardboard,Paper,14.719827158988325,1.0,1.0,0.7916254201317269,0.7141560612161901
Virgin PET,Plastic,61.47247274754547,0.0,0.9,2.535949842563703,1.8188219680082334
Aluminum,Metal,204.37974085907618,0.0,1.0,12.091023666269173,2.3920804899623906
Glass,Glass,38.62431757731046,0.0,1.0,0.9652405258554259,0.515079053775176
PLA (Bio-plastic),Biopolymer,52.18694851129329,0.95,0.2,0.4826214830975339,3.4376399958124075
Glass,Glass,41.55252757611778,0.0,1.0,0.9668071840908167,0.5041946644958158
Aluminum,Metal,209.3528677996148,0.0,1.0,12.289365112479558,2.519495336700504
PLA (Bio-plastic),Biopolymer,49.408196882628616,0.95,0.2,0.5032206300771473,3.5284779480031196
Virgin PET,Plastic,57.30239477048651,0.0,0.9,2.5713744817644173,1.8012086071161066
Mushroom Packaging,Bio-composite,5.104469993010834,1.0,1.0,0.20357560842073785,4.108107306617356
Cardboard,Paper,14.76657439611563,1.0,1.0,0.7937215306646979,0.7163085152329073
Recycled PET,Recycled Plastic,56.37457200369282,0.0,1.0,1.2235491810137529,2.0661501471187953
Cardboard,Paper,14.557122775431143,1.0,1.0,0.8075613221207452,0.6899312163630364
Mushroom Packaging,Bio-composite,5.129349610966258,1.0,1.0,0.2041416601409934,4.132714243168553
Glass,Glass,39.02413535351446,0.0,1.0,0.9616670368579395,0.4824284460637055
Glass,Glass,40.56705766822028,0.0,1.0,0.9958611908090488,0.4983362420110254
Aluminum,Metal,209.38475166135652,0.0,1.0,12.447885028284599,2.4668631861834363
Aluminum,Metal,197.430887990392,0.0,1.0,12.508770668105441,2.4356358693040963
Mushroom Packaging,Bio-composite,5.069604528792929,1.0,1.0,0.19945108756867447,3.9177713363335998
PLA (Bio-plastic),Biopolymer,48.78495610158098,0.95,0.2,0.5157262322433359,3.6698254071730236
Virgin PET,Plastic,61.43328843634139,0.0,0.9,2.5382585889618783,1.8071736131731742
Virgin PET,Plastic,58.26194398017231,0.0,0.9,2.4072122902496407,1.7494338156982576
PLA (Bio-plastic),Biopolymer,49.841483237095616,0.95,0.2,0.5088463838504886,3.4132558572044216
Virgin PET,Plastic,58.68052861773309,0.0,0.9,2.481852298010941,1.8069213718505281
Virgin PET,Plastic,58.39535416333403,0.0,0.9,2.4153089364388167,1.8546444627405174
Mushroom Packaging,Bio-composite,5.166572052363741,1.0,1.0,0.19332746647895988,4.098660519537094
Recycled PET,Recycled Plastic,55.90265910445443,0.0,1.0,1.2128345211691924,2.0657464714355225
Aluminum,Metal,193.63462516184444,0.0,1.0,12.580072445627705,2.601802875061548
Cardboard,Paper,14.464664700510195,1.0,1.0,0.8167998722187264,0.678882238418548
Mushroom Packaging,Bio-composite,5.041037363209603,1.0,1.0,0.19772549114790153,4.18429388229829
Virgin PET,Plastic,59.192245266098276,0.0,0.9,2.5609171574890044,1.792752811053914
Glass,Glass,38.78424980701756,0.0,1.0,0.99387536428287,0.4902027649301094
PLA (Bio-plastic),Biopolymer,49.32040904107269,0.95,0.2,0.5214376114497477,3.6013962592566267
Recycled PET,Recycled Plastic,55.5526035700913,0.0,1.0,1.164615038907614,2.091315115687346
PLA (Bio-plastic),Biopolymer,50.01598813413173,0.95,0.2,0.523606694624765,3.6301811602662735
Cardboard,Paper,14.718785283506785,1.0,1.0,0.8202028077526524,0.7320449293136093
Aluminum,Metal,204.8452150344921,0.0,1.0,12.160469545698513,2.5891280118754487
Virgin PET,Plastic,60.78350951288175,0.0,0.9,2.4425293697109014,1.766937941501869
Glass,Glass,39.59672912552353,0.0,1.0,0.9768620826315357,0.5230156264432408
PLA (Bio-plastic),Biopolymer,52.11557530540875,0.95,0.2,0.5127619703448202,3.459732676307904
Mushroom Packaging,Bio-composite,5.171435295391721,1.0,1.0,0.19606934240258803,4.0771771164831545
Glass,Glass,41.32185872198229,0.0,1.0,1.0160504087088482,0.5115230527287703
Aluminum,Metal,200.89743389824454,0.0,1.0,11.67430235461592,2.424535967643877
Recycled PET,Recycled Plastic,54.50972620693923,0.0,1.0,1.2093815511178743,2.0746311808638516
Aluminum,Metal,199.5936905095904,0.0,1.0,12.441406559099242,2.4032252749512937
Glass,Glass,39.80357635890939,0.0,1.0,0.9593303409472975,0.518295924313978
PLA (Bio-plastic),Biopolymer,48.497256668047946,0.95,0.2,0.48548013467017276,3.399375147050016
Glass,Glass,39.45826118649272,0.0,1.0,1.002334664309353,0.52158455698525
Cardboard,Paper,15.09861098576549,1.0,1.0,0.7657419653447254,0.6776262518897533
Recycled PET,Recycled Plastic,52.75232458887751,0.0,1.0,1.2044831138058922,2.142699920972912
PLA (Bio-plastic),Biopolymer,51.009991729442625,0.95,0.2,0.5075242841285577,3.402996479940121
Mushroom Packaging,Bio-composite,5.046611149543773,1.0,1.0,0.2046841597971447,4.023769052311835
Recycled PET,Recycled Plastic,56.006948521692365,0.0,1.0,1.179363037300538,2.194427743027711
Virgin PET,Plastic,57.45749436165126,0.0,0.9,2.4542294735948027,1.7602697719850486
PLA (Bio-plastic),Biopolymer,51.98428017963356,0.95,0.2,0.4878092811528356,3.5925237681838564
Mushroom Packaging,Bio-composite,4.975299053968864,1.0,1.0,0.20103201432502538,3.920600245443226
Virgin PET,Plastic,61.596650929185216,0.0,0.9,2.476155199334988,1.8617930797957316
Cardboard,Paper,14.600636999118176,1.0,1.0,0.7833052272876594,0.7306106769129165
Aluminum,Metal,194.5206802036413,0.0,1.0,11.724416189901081,2.556457013784609
Mushroom Packaging,Bio-composite,5.24160564170482,1.0,1.0,0.20632527449354493,4.1702820886904215
Glass,Glass,38.36211085392994,0.0,1.0,0.9865631700364307,0.4979537826383928
Virgin PET,Plastic,57.079565990232,0.0,0.9,2.5228234946511363,1.8408041886215092
Recycled PET,Recycled Plastic,56.584808002452995,0.0,1.0,1.192129142051891,2.0640167742713573
Mushroom Packaging,Bio-composite,5.083284239386588,1.0,1.0,0.20512512564871024,3.9034782776849983
Recycled PET,Recycled Plastic,54.617063995032076,0.0,1.0,1.1510176996964412,2.1724459546582877
Cardboard,Paper,15.33627207344003,1.0,1.0,0.8271531943429281,0.7088278409803095
Cardboard,Paper,14.606557258083841,1.0,1.0,0.7902092588620051,0.6893879951745346
Recycled PET,Recycled Plastic,55.13197484873062,0.0,1.0,1.2074583551592908,2.0605677901287556
PLA (Bio-plastic),Biopolymer,50.03144937880095,0.95,0.2,0.47644603288163867,3.5091682797612034
Cardboard,Paper,14.288038707754472,1.0,1.0,0.763304401642096,0.6709293339055096
Glass,Glass,38.12637522146181,0.0,1.0,0.9501271047590311,0.4808177368545683
Aluminum,Metal,206.5120692057477,0.0,1.0,12.259352842679196,2.3856641412567714
PLA (Bio-plastic),Biopolymer,51.39900174138868,0.95,0.2,0.4803019488606814,3.3558678519249074
Recycled PET,Recycled Plastic,55.32414446979905,0.0,1.0,1.2168036039670374,2.122241678462077
Cardboard,Paper,15.226091663124722,1.0,1.0,0.8134935019026392,0.6889216650252418
Cardboard,Paper,15.531992546494989,1.0,1.0,0.7677748974791232,0.6985132185549031
Virgin PET,Plastic,61.243009778187584,0.0,0.9,2.458939915663797,1.7869405652675137
Mushroom Packaging,Bio-composite,4.887505365267125,1.0,1.0,0.19518336447543413,4.000704577859274
Aluminum,Metal,206.05516100590143,0.0,1.0,11.855496625161338,2.5365240445818755
Cardboard,Paper,15.640226161537777,1.0,1.0,0.7716147857884501,0.7211330673776731
Cardboard,Paper,14.800764279813844,1.0,1.0,0.8038595937003485,0.7036823511451511
PLA (Bio-plastic),Biopolymer,50.65812135386398,0.95,0.2,0.4766288948081129,3.5139529002226038
Cardboard,Paper,15.221079195844524,1.0,1.0,0.7719729829611403,0.6835399498757271
Recycled PET,Recycled Plastic,54.04757906800583,0.0,1.0,1.1424398346762128,2.0888084679034216
PLA (Bio-plastic),Biopolymer,51.28926584174387,0.95,0.2,0.5179294106942349,3.49775051581466
Virgin PET,Plastic,57.74897422019907,0.0,0.9,2.5574791809911717,1.8401595362478707
Mushroom Packaging,Bio-composite,4.976627192471432,1.0,1.0,0.1995539030055137,4.111168953186379
Mushroom Packaging,Bio-composite,4.824447066840259,1.0,1.0,0.2044858826079442,4.122733450040426
Recycled PET,Recycled Plastic,55.50471264820227,0.0,1.0,1.2355601240794627,1.9994646584822136
Recycled PET,Recycled Plastic,54.1992968189882,0.0,1.0,1.1769160984209754,2.0886013032098414
Recycled PET,Recycled Plastic,54.11881046262872,0.0,1.0,1.1431298447758935,2.1075095619437523
Virgin PET,Plastic,60.00095287955116,0.0,0.9,2.5589771568587025,1.7462263387125263
PLA (Bio-plastic),Biopolymer,52.10977363920421,0.95,0.2,0.48479735596102647,3.4474886933284647
Mushroom Packaging,Bio-composite,5.179105207537419,1.0,1.0,0.19106613246822743,4.126149254482328
Aluminum,Metal,197.2811671323609,0.0,1.0,12.174235726736525,2.6127539593944773
PLA (Bio-plastic),Biopolymer,51.24540163973016,0.95,0.2,0.48276856203538454,3.544778500850338
Cardboard,Paper,14.592470699349235,1.0,1.0,0.7901960819696505,0.6974456983044867
PLA (Bio-plastic),Biopolymer,49.93721877275035,0.95,0.2,0.49876351014749487,3.505796669830028
Glass,Glass,39.01467809372683,0.0,1.0,0.9819139224962763,0.4832756668539117
Aluminum,Metal,199.9123198552377,0.0,1.0,12.267316922736551,2.4763962834343882
Glass,Glass,41.506647426787154,0.0,1.0,1.046169147584953,0.4932870159419559
Recycled PET,Recycled Plastic,55.802287815090104,0.0,1.0,1.1822996759104891,2.107714773378841
Virgin PET,Plastic,62.23809292264612,0.0,0.9,2.6107007286782857,1.8251169873005768
PLA (Bio-plastic),Biopolymer,52.125512370694324,0.95,0.2,0.5116857035555188,3.393202646861255
Cardboard,Paper,14.435016383092364,1.0,1.0,0.8093873715331587,0.7336072652597769
Mushroom Packaging,Bio-composite,5.0460462540138105,1.0,1.0,0.19132281098354975,4.082003571813448
PLA (Bio-plastic),Biopolymer,50.57684340417048,0.95,0.2,0.48407334263356355,3.494339945417078
Aluminum,Metal,201.89127920719886,0.0,1.0,12.035263282835134,2.5776435077814193
Cardboard,Paper,14.69916179659287,1.0,1.0,0.7638365238258955,0.723120015274174
Aluminum,Metal,207.83574809594225,0.0,1.0,12.56689572995903,2.5080743373152408
Glass,Glass,41.1948897505492,0.0,1.0,1.023942327454695,0.5144344827941331
Glass,Glass,41.47207811189742,0.0,1.0,1.046448465134566,0.5038273586449324
PLA (Bio-plastic),Biopolymer,49.71642928447106,0.95,0.2,0.4991533444176974,3.546747961893479
PLA (Bio-plastic),Biopolymer,48.435140803617145,0.95,0.2,0.5018211723313091,3.4681183951960697
Mushroom Packaging,Bio-composite,4.847575142396582,1.0,1.0,0.20660041314044536,3.866892093389431
PLA (Bio-plastic),Biopolymer,48.01492376892818,0.95,0.2,0.5173086002499786,3.571126183332849
Glass,Glass,38.58210726665193,0.0,1.0,0.959118981255802,0.5189086745622726
Cardboard,Paper,15.343501448395783,1.0,1.0,0.7792301663195579,0.7068244924853256
Glass,Glass,38.29939953701556,0.0,1.0,1.0029657120500683,0.48131374570565966
Cardboard,Paper,14.769882484886212,1.0,1.0,0.8309531893731491,0.682272546929227
Glass,Glass,38.35883002895562,0.0,1.0,1.0058437295399325,0.518605095740004
Recycled PET,Recycled Plastic,55.79607026148127,0.0,1.0,1.248598164007354,2.115164782998439
Mushroom Packaging,Bio-composite,5.214075155068739,1.0,1.0,0.19788476681036885,4.067632917751953
Glass,Glass,40.17459570535625,0.0,1.0,0.9716556792791676,0.5022600444469094
Virgin PET,Plastic,57.82348180279615,0.0,0.9,2.473131811679297,1.8488985076247488
Cardboard,Paper,14.61766852739514,1.0,1.0,0.8277141232010751,0.7341974892611199
Virgin PET,Plastic,59.948486024667574,0.0,0.9,2.424823229322727,1.8803846560808775
Recycled PET,Recycled Plastic,57.32064458014744,0.0,1.0,1.1800907228659827,2.046412385298443
Glass,Glass,38.76013525865963,0.0,1.0,1.0448713726360794,0.5043871040911381
Glass,Glass,38.215261415662674,0.0,1.0,0.9717046649396174,0.4880095949869964
Virgin PET,Plastic,57.22688246209404,0.0,0.9,2.597456111210243,1.8634067410160107
Cardboard,Paper,15.472561122811296,1.0,1.0,0.7728166389931765,0.6791834688791287
Cardboard,Paper,14.363966602020714,1.0,1.0,0.798338382942668,0.7329119991065507
Virgin PET,Plastic,62.96139190184039,0.0,0.9,2.59998569568922,1.7805064220613294
Glass,Glass,40.14771564889589,0.0,1.0,0.982178412373357,0.4842507131544326
Recycled PET,Recycled Plastic,56.767885300703796,0.0,1.0,1.1843034940794057,2.089232816709929
Glass,Glass,41.78899525301744,0.0,1.0,1.0346177326561816,0.4947113451301105
Aluminum,Metal,197.82935996262108,0.0,1.0,12.3473991083149,2.5575543612712694
Glass,Glass,38.80088074989298,0.0,1.0,0.9974445009633255,0.4753727666180261
Aluminum,Metal,197.4451836687331,0.0,1.0,12.240317988619047,2.5971947819039825
Glass,Glass,39.762011744721455,0.0,1.0,0.9768152002893942,0.48959138143112346
Cardboard,Paper,15.524956702585058,1.0,1.0,0.8136935428320398,0.6690516985466379
Glass,Glass,40.7129923786573,0.0,1.0,1.0038128796765424,0.5044934938512609
Mushroom Packaging,Bio-composite,5.230723941902715,1.0,1.0,0.2088027556981774,3.9953140389091746
Cardboard,Paper,15.2584249677393,1.0,1.0,0.7805791913723814,0.7348199348430617
PLA (Bio-plastic),Biopolymer,49.904288567490234,0.95,0.2,0.4876341044792781,3.3866978779006756
Virgin PET,Plastic,60.633874151364644,0.0,0.9,2.4265188778543423,1.8386628076293257
Glass,Glass,39.51983975382791,0.0,1.0,0.9724539975016193,0.5135190358984346
Virgin PET,Plastic,62.775163220151896,0.0,0.9,2.4116482015219596,1.8438729757508103
PLA (Bio-plastic),Biopolymer,52.25007606202033,0.95,0.2,0.518689991058976,3.5271087195372886
PLA (Bio-plastic),Biopolymer,51.45453349871667,0.95,0.2,0.49401916506037435,3.428782435421891
PLA (Bio-plastic),Biopolymer,51.041049610759096,0.95,0.2,0.4777350632987909,3.5020862192788016
Cardboard,Paper,15.603372519371,1.0,1.0,0.8093258056599458,0.670948780804767
Cardboard,Paper,15.448180647729803,1.0,1.0,0.8020838698571714,0.7260372990168192
Glass,Glass,40.180263373752624,0.0,1.0,0.9792745069181594,0.519168960728947
Recycled PET,Recycled Plastic,53.12372027691186,0.0,1.0,1.2392178055763385,2.035927844860445
Mushroom Packaging,Bio-composite,5.156568645955405,1.0,1.0,0.19507472117628466,4.170992862285567
Cardboard,Paper,15.433776068000949,1.0,1.0,0.7608105302094706,0.7116455888473886
Aluminum,Metal,207.9568376694636,0.0,1.0,12.138283238425167,2.594850460780535
Virgin PET,Plastic,57.1797846321303,0.0,0.9,2.439201393930407,1.787578757163244
Aluminum,Metal,203.2671240965251,0.0,1.0,12.08596573643085,2.5193987447997586
Cardboard,Paper,14.382754846434043,1.0,1.0,0.7935362484356805,0.6927868593026655
Cardboard,Paper,14.651407868464002,1.0,1.0,0.7983312180291101,0.7348643893716094
Aluminum,Metal,208.84242725547898,0.0,1.0,11.920987048177901,2.519575461799777
Mushroom Packaging,Bio-composite,5.1421259779366455,1.0,1.0,0.20425710254127483,3.9192474607841423
Cardboard,Paper,14.735773185230464,1.0,1.0,0.8027967657205315,0.6785650168341093
Cardboard,Paper,15.217189183996489,1.0,1.0,0.822861977541145,0.7009493685676036
Virgin PET,Plastic,59.88971981340488,0.0,0.9,2.415102589448993,1.8337766148179588
Glass,Glass,39.47217841309141,0.0,1.0,0.9922420086501379,0.5115360992718306
Cardboard,Paper,15.499205326648678,1.0,1.0,0.8312362672786894,0.6696075857890791
Virgin PET,Plastic,59.3810581646948,0.0,0.9,2.3797300409173587,1.870209458988315
Cardboard,Paper,15.702769341638929,1.0,1.0,0.7686024868704614,0.7296306431762184
Recycled PET,Recycled Plastic,56.10181803682541,0.0,1.0,1.1915647401322123,2.0381913933388014
Recycled PET,Recycled Plastic,52.9738552753451,0.0,1.0,1.2019861659301418,2.0817261482408145
Cardboard,Paper,15.608731793700546,1.0,1.0,0.7844661097514538,0.7171430315112621
PLA (Bio-plastic),Biopolymer,50.63364146147822,0.95,0.2,0.4983897068412745,3.3612490564960433
Virgin PET,Plastic,62.647386151164,0.0,0.9,2.4535109456819733,1.7394337437896792
Mushroom Packaging,Bio-composite,5.052128535249834,1.0,1.0,0.19434481240825388,3.8319756331690105
Recycled PET,Recycled Plastic,52.51729625819435,0.0,1.0,1.1494609249193466,2.0201066781154906
PLA (Bio-plastic),Biopolymer,49.80830866808129,0.95,0.2,0.5165308023669484,3.50729833702698
Aluminum,Metal,201.11071004604187,0.0,1.0,12.514881306218312,2.5499655040591267
Mushroom Packaging,Bio-composite,5.220548751788941,1.0,1.0,0.1947161953233485,3.8406499391456554
Recycled PET,Recycled Plastic,53.18627441551056,0.0,1.0,1.257741875600363,2.0070643238651877
PLA (Bio-plastic),Biopolymer,50.79334509384199,0.95,0.2,0.48217746663687167,3.437374973768184
PLA (Bio-plastic),Biopolymer,49.18751568353003,0.95,0.2,0.4834673128563532,3.628938205933601
Mushroom Packaging,Bio-composite,5.133666115364036,1.0,1.0,0.20358656298193895,3.8501549867347493
Virgin PET,Plastic,62.69606084494629,0.0,0.9,2.4838023021426743,1.7749476978840375
PLA (Bio-plastic),Biopolymer,47.97133105096473,0.95,0.2,0.49880384461320315,3.6026978721511074
PLA (Bio-plastic),Biopolymer,48.33145270657644,0.95,0.2,0.48548378152496174,3.456937841753686
Mushroom Packaging,Bio-composite,4.818667873947385,1.0,1.0,0.19191640091043194,4.19111035978206
Cardboard,Paper,14.649754229937008,1.0,1.0,0.8165611653172443,0.6997572473197661
Cardboard,Paper,14.93403538779825,1.0,1.0,0.7654278127392217,0.7249605164957146
Aluminum,Metal,203.30189295937083,0.0,1.0,12.500228189792065,2.4318473659733435
Cardboard,Paper,15.004235207003223,1.0,1.0,0.8304489724634623,0.6712579022330412
Aluminum,Metal,198.90827267773543,0.0,1.0,12.318432524139723,2.587792101724342
Aluminum,Metal,205.8672269032461,0.0,1.0,11.557005534370544,2.44190104251454
Recycled PET,Recycled Plastic,55.81167615455103,0.0,1.0,1.158420637667083,2.0898808940943407
PLA (Bio-plastic),Biopolymer,51.306538700486556,0.95,0.2,0.49788447126708224,3.6344125744429028
Virgin PET,Plastic,62.96869022231426,0.0,0.9,2.5826406638302943,1.7454289655091946
Cardboard,Paper,15.013613492073205,1.0,1.0,0.7869144496213848,0.6994330628454244
Virgin PET,Plastic,62.75689979235442,0.0,0.9,2.6044056965812983,1.8067847892342417
Mushroom Packaging,Bio-composite,4.974399676239068,1.0,1.0,0.19452142918026485,4.119776838086795
PLA (Bio-plastic),Biopolymer,47.858680653202484,0.95,0.2,0.48525855680565033,3.540393158208151
Mushroom Packaging,Bio-composite,5.227874629309751,1.0,1.0,0.1925399058137319,3.849739494911894
Glass,Glass,40.471795353624785,0.0,1.0,0.9571861967264504,0.4754401755396608
Recycled PET,Recycled Plastic,57.64152851300447,0.0,1.0,1.1746878999435764,2.1206081578771134
Recycled PET,Recycled Plastic,53.855672123253804,0.0,1.0,1.1502829398389125,2.006955153690738
Cardboard,Paper,15.062290433976145,1.0,1.0,0.8371692363180978,0.7229073803198715
Recycled PET,Recycled Plastic,54.2203958346615,0.0,1.0,1.214161945986627,2.094037369589159
Aluminum,Metal,209.27884104172838,0.0,1.0,12.094403880324132,2.5020363520101068
Recycled PET,Recycled Plastic,54.86653393610413,0.0,1.0,1.2444059699857875,2.0176606276030626
Cardboard,Paper,14.76234159991063,1.0,1.0,0.7681129012036696,0.6974397556771536
Cardboard,Paper,14.831590069945014,1.0,1.0,0.8179321615759214,0.7241039687257023
Mushroom Packaging,Bio-composite,5.141796780796993,1.0,1.0,0.19634336292221086,4.0095271025728545
Glass,Glass,41.14767490879463,0.0,1.0,0.9846289787562836,0.49217346289912234
Virgin PET,Plastic,57.33291966613111,0.0,0.9,2.5724486791891015,1.8708478599920766
Glass,Glass,41.45755070888341,0.0,1.0,1.0348660143939206,0.47561533248307797
Recycled PET,Recycled Plastic,54.61402689170808,0.0,1.0,1.2546744867943989,2.1305520307772032
Virgin PET,Plastic,58.17755392352212,0.0,0.9,2.5191091890042734,1.7370829638914176
Aluminum,Metal,206.99325061469,0.0,1.0,11.685668940680268,2.472334313449956
Mushroom Packaging,Bio-composite,4.851152357062761,1.0,1.0,0.20417673842950412,3.995537178984298
Virgin PET,Plastic,58.7160775444902,0.0,0.9,2.529753567568847,1.8556616786409073
PLA (Bio-plastic),Biopolymer,50.27705557535474,0.95,0.2,0.4771688466246697,3.4182803760627873
Cardboard,Paper,14.399580417148506,1.0,1.0,0.8222310632346137,0.6811035520602716
Cardboard,Paper,15.31747557325071,1.0,1.0,0.8327008886196956,0.7323547040347028
Aluminum,Metal,206.26410738457457,0.0,1.0,12.519118454932924,2.3764105541696705
Cardboard,Paper,15.713490334337415,1.0,1.0,0.7743776198943415,0.6914572810425436
Cardboard,Paper,14.439270963559714,1.0,1.0,0.815831849052898,0.6998932213742198
Cardboard,Paper,15.125943895313332,1.0,1.0,0.8345627920300398,0.7049442629464552
Aluminum,Metal,199.81452912780045,0.0,1.0,12.541114685100904,2.5381137506685016
Cardboard,Paper,15.74965199319712,1.0,1.0,0.8329956741923781,0.729843714258686
Aluminum,Metal,206.33174900699575,0.0,1.0,11.66113710913455,2.387002753552043
PLA (Bio-plastic),Biopolymer,51.34114475481743,0.95,0.2,0.5128572368920976,3.488716080862188
PLA (Bio-plastic),Biopolymer,51.994720086631574,0.95,0.2,0.5103160745343123,3.65792677907796
Glass,Glass,41.44377216092114,0.0,1.0,1.0111543119483428,0.49295540751504807
Glass,Glass,39.91268125407761,0.0,1.0,1.0468661538060826,0.4988284274111231
Glass,Glass,39.58157879866787,0.0,1.0,1.035495768887523,0.47538888615158575
Mushroom Packaging,Bio-composite,5.1537803734074386,1.0,1.0,0.20432275273005504,3.8953043310321274
Cardboard,Paper,15.556118496172024,1.0,1.0,0.8218846094851641,0.686522252413786
Virgin PET,Plastic,57.4769443867318,0.0,0.9,2.5872552354109746,1.758336493335314
Recycled PET,Recycled Plastic,56.2172360463744,0.0,1.0,1.2343457202755859,2.096439043126718
Virgin PET,Plastic,60.906043716676436,0.0,0.9,2.592467406664034,1.8590984683819223
PLA (Bio-plastic),Biopolymer,48.2878335146424,0.95,0.2,0.4968875167307709,3.511055902727528
Glass,Glass,39.38531448731416,0.0,1.0,1.0464298855557084,0.5086763319278986
Aluminum,Metal,206.6156271306574,0.0,1.0,11.588292574163436,2.5543027129010425
Aluminum,Metal,202.00185698355156,0.0,1.0,12.00576258826144,2.4071631902119273
Mushroom Packaging,Bio-composite,5.081261834970038,1.0,1.0,0.20716929745402868,3.9217646374358353
Recycled PET,Recycled Plastic,52.97760734710011,0.0,1.0,1.1621310946843333,2.1235385432239346
Aluminum,Metal,197.8591685339155,0.0,1.0,12.531793609003646,2.389177736687558
Recycled PET,Recycled Plastic,55.206551172753805,0.0,1.0,1.1684369789357876,2.152574180048716
PLA (Bio-plastic),Biopolymer,48.69219335118596,0.95,0.2,0.5227413800116164,3.6624666883028887
Virgin PET,Plastic,62.17635465605371,0.0,0.9,2.6173397610273117,1.8731238990086463
PLA (Bio-plastic),Biopolymer,52.193055951008475,0.95,0.2,0.5190964803805552,3.4814868364026075
Aluminum,Metal,192.23700740765182,0.0,1.0,11.700596467952256,2.4024091515633144
Mushroom Packaging,Bio-composite,5.113887347061038,1.0,1.0,0.20263629451219511,4.009871790228223
Virgin PET,Plastic,62.64903983446914,0.0,0.9,2.5286671707443915,1.8799719144285871
Aluminum,Metal,197.3620276807023,0.0,1.0,11.83979245902265,2.5515778757782765
Virgin PET,Plastic,60.41804725402153,0.0,0.9,2.556591381742435,1.7756115554952083
Virgin PET,Plastic,58.35637864763872,0.0,0.9,2.388645285268982,1.7224267173827221
Glass,Glass,38.863197935216974,0.0,1.0,1.0477136778171274,0.5054601654356163
Cardboard,Paper,14.782598602777123,1.0,1.0,0.7828470222809265,0.7251660397522189
Aluminum,Metal,206.85184958607712,0.0,1.0,11.64516079543272,2.5970274251718335
Cardboard,Paper,15.043702760775881,1.0,1.0,0.7654417433146145,0.7228591795368704
Aluminum,Metal,194.84540112176455,0.0,1.0,11.938650970544927,2.487449316169736
Glass,Glass,38.55938005259762,0.0,1.0,1.005387263821695,0.5236204614905603
PLA (Bio-plastic),Biopolymer,49.17294264913609,0.95,0.2,0.47679813691915696,3.6390475462701772
Cardboard,Paper,14.260556441843079,1.0,1.0,0.7959451860299303,0.699722268370771
Glass,Glass,38.21516950198144,0.0,1.0,1.0469306642998257,0.4876177483945728
Virgin PET,Plastic,62.968399680650556,0.0,0.9,2.420046866574292,1.8180434526829194
Glass,Glass,39.573535769890256,0.0,1.0,0.9897822653608442,0.47737176466028725
Aluminum,Metal,201.35164900529156,0.0,1.0,12.469911050187347,2.4529612550978603
Recycled PET,Recycled Plastic,52.58109782071388,0.0,1.0,1.1559354698410456,2.161625909849621
Cardboard,Paper,14.987309189392315,1.0,1.0,0.7737923157593962,0.7202829242776877
Glass,Glass,38.20733663936547,0.0,1.0,1.0263176084098666,0.503610663408406
Aluminum,Metal,196.95220742929436,0.0,1.0,11.526009755390621,2.495372897879097
Mushroom Packaging,Bio-composite,4.811512854339398,1.0,1.0,0.1919712074696363,4.110761595063958
Recycled PET,Recycled Plastic,57.68153980004591,0.0,1.0,1.1605394675034035,2.116931558486833
Glass,Glass,38.667977543048536,0.0,1.0,0.9964093252629519,0.5165298931162415
Cardboard,Paper,15.268713264024187,1.0,1.0,0.8041739024304699,0.7051790374228403
Glass,Glass,39.07363054688865,0.0,1.0,1.015169901403234,0.4872354396967553
PLA (Bio-plastic),Biopolymer,49.049587827991644,0.95,0.2,0.491850044823415,3.3366642527617048
Glass,Glass,38.41513109210632,0.0,1.0,0.9854317531115058,0.5082090489038568
Cardboard,Paper,15.194756909848493,1.0,1.0,0.7658492084263693,0.6908119893719987
Virgin PET,Plastic,60.79973264725695,0.0,0.9,2.4491227434249923,1.8010997375166011
Glass,Glass,40.29781706123313,0.0,1.0,0.9783610854447363,0.4763926281535949
Aluminum,Metal,197.62422377013422,0.0,1.0,12.486708814430354,2.528147029726603
Aluminum,Metal,208.50248520431367,0.0,1.0,11.815775337697131,2.5303855917578746
Recycled PET,Recycled Plastic,52.37983567003266,0.0,1.0,1.2340486747644486,2.065164453916236
Mushroom Packaging,Bio-composite,4.987791441910837,1.0,1.0,0.1997435297077237,3.917555206372826
Recycled PET,Recycled Plastic,53.26739791324233,0.0,1.0,1.1669229711640088,2.120052572483378
Mushroom Packaging,Bio-composite,4.894178669141903,1.0,1.0,0.19109954354779524,4.187414959765813
Glass,Glass,38.11636208824519,0.0,1.0,0.9868374078106366,0.4773647680474914
Virgin PET,Plastic,61.430391154639324,0.0,0.9,2.6191369626207854,1.8201432950594458
Cardboard,Paper,15.342876110729799,1.0,1.0,0.7612750151284822,0.7196267336353946
Virgin PET,Plastic,58.109705459330236,0.0,0.9,2.5776072243118247,1.8557807333534546
Recycled PET,Recycled Plastic,55.567773653460975,0.0,1.0,1.2573418776134127,2.0749511335629753
Glass,Glass,39.24708048287299,0.0,1.0,1.0496730566145012,0.5208208694160213
PLA (Bio-plastic),Biopolymer,52.422116991232116,0.95,0.2,0.4834155512264392,3.5153207283149586
Recycled PET,Recycled Plastic,56.247535277167266,0.0,1.0,1.217509035212095,2.050102259655976
PLA (Bio-plastic),Biopolymer,52.372998091210654,0.95,0.2,0.5171083274697433,3.6145522958979948
Cardboard,Paper,14.401937366839709,1.0,1.0,0.807350991961693,0.7248984322769948
PLA (Bio-plastic),Biopolymer,52.18511458708448,0.95,0.2,0.5058432821830801,3.6245683047320054
Mushroom Packaging,Bio-composite,4.891848816773709,1.0,1.0,0.1981485204630065,4.119642547398749
Aluminum,Metal,206.40120843843448,0.0,1.0,12.111278279423551,2.4679310980083144
PLA (Bio-plastic),Biopolymer,49.03143432342514,0.95,0.2,0.5033684399227895,3.3367815646395
Aluminum,Metal,197.51049836059536,0.0,1.0,11.905388468383846,2.4158280578389277
Recycled PET,Recycled Plastic,52.304228231153424,0.0,1.0,1.2297448851872614,2.041183163286848
Mushroom Packaging,Bio-composite,5.161809923661586,1.0,1.0,0.19457534667903617,3.899965589276689
PLA (Bio-plastic),Biopolymer,50.628567825493406,0.95,0.2,0.48436776048429875,3.4424757802099544
PLA (Bio-plastic),Biopolymer,47.58309407684551,0.95,0.2,0.4892154951348109,3.4921544819427766
Cardboard,Paper,14.76330356800927,1.0,1.0,0.8149518026916374,0.6780820376663611
PLA (Bio-plastic),Biopolymer,50.32114782017775,0.95,0.2,0.5131036448683662,3.365511691087988
Aluminum,Metal,195.55006392684533,0.0,1.0,11.477318772697389,2.423953216069512
Mushroom Packaging,Bio-composite,4.7857108905112,1.0,1.0,0.20882764815488747,3.832542736571088
Recycled PET,Recycled Plastic,55.30542668776344,0.0,1.0,1.186351769955749,2.0654529744293675
PLA (Bio-plastic),Biopolymer,48.09843733853563,0.95,0.2,0.5129017034566578,3.492217875240822
Recycled PET,Recycled Plastic,52.83830219567256,0.0,1.0,1.249031248392607,2.1906713605525034
Recycled PET,Recycled Plastic,57.233420193097935,0.0,1.0,1.235288882931078,2.200085110057676
PLA (Bio-plastic),Biopolymer,50.49062383233539,0.95,0.2,0.5090428548769566,3.366175639803191
PLA (Bio-plastic),Biopolymer,51.73809843144809,0.95,0.2,0.5060636452759891,3.6536365343563664
Cardboard,Paper,14.495157374249409,1.0,1.0,0.8209233718170719,0.6988105565849709
Virgin PET,Plastic,58.16149529723885,0.0,0.9,2.5597485223784364,1.7964165589120973
Glass,Glass,39.22693532491866,0.0,1.0,1.0274771755848782,0.49558592676486274
Recycled PET,Recycled Plastic,54.08506152549493,0.0,1.0,1.2348797341984252,2.0754136469019464
Virgin PET,Plastic,57.1044167642023,0.0,0.9,2.533353288250847,1.855376667306408
Virgin PET,Plastic,58.94743626989008,0.0,0.9,2.570492859025709,1.8861518956038308
PLA (Bio-plastic),Biopolymer,49.35281910589146,0.95,0.2,0.4885600389357171,3.4995502978159125
Virgin PET,Plastic,59.953476409917954,0.0,0.9,2.408597096089377,1.7930203979753714
Aluminum,Metal,208.85164776629534,0.0,1.0,12.461103368822881,2.5722629972260553
Mushroom Packaging,Bio-composite,5.102383083683307,1.0,1.0,0.20527548575963084,3.8405229912616674
PLA (Bio-plastic),Biopolymer,48.37431775224944,0.95,0.2,0.4796367712525312,3.490303255620973
Mushroom Packaging,Bio-composite,4.894867002393265,1.0,1.0,0.19274143194383542,3.9257999569458426
Mushroom Packaging,Bio-composite,4.935890112868553,1.0,1.0,0.20588731497645416,4.0653080923104525
Recycled PET,Recycled Plastic,57.46087238676782,0.0,1.0,1.1477935364123617,2.19934971431125
PLA (Bio-plastic),Biopolymer,51.53384318296217,0.95,0.2,0.5232582772209472,3.5535202419326115
Mushroom Packaging,Bio-composite,5.191155601569287,1.0,1.0,0.20193133009704745,4.18126740443479
Cardboard,Paper,15.494842411838562,1.0,1.0,0.8023009447576792,0.6876166288283057
Virgin PET,Plastic,59.95656961352593,0.0,0.9,2.5233239688177482,1.765259491032537
PLA (Bio-plastic),Biopolymer,52.462894845125504,0.95,0.2,0.5232733085132437,3.4297184727075645
Aluminum,Metal,194.41327515477266,0.0,1.0,12.021542503723193,2.554569364158903
PLA (Bio-plastic),Biopolymer,49.36899848543365,0.95,0.2,0.515884458481822,3.532336988290696
Virgin PET,Plastic,61.9459782713666,0.0,0.9,2.4119886460295854,1.7942769083847885
Mushroom Packaging,Bio-composite,5.067499385944404,1.0,1.0,0.2096773790912955,3.9326231723024683
Mushroom Packaging,Bio-composite,4.862699618634386,1.0,1.0,0.2023975197150031,3.8810582143226626
Glass,Glass,38.2653715298313,0.0,1.0,1.0400046169982091,0.5205907822886848
PLA (Bio-plastic),Biopolymer,48.83285569436197,0.95,0.2,0.49623086045594084,3.3861279809047256
Glass,Glass,40.5946048790654,0.0,1.0,1.0337139334938477,0.5246575339877355
Aluminum,Metal,199.96455841976243,0.0,1.0,11.513647426278002,2.421466733795747
Mushroom Packaging,Bio-composite,5.205310046985985,1.0,1.0,0.2070882315359994,3.8992502160128786
Virgin PET,Plastic,60.47649171800381,0.0,0.9,2.584660168561028,1.8275730493124802
Aluminum,Metal,190.08623216811054,0.0,1.0,12.363805790749598,2.3796780552472607
Recycled PET,Recycled Plastic,55.082028695746125,0.0,1.0,1.2434206949925013,2.0716848901495886
Glass,Glass,41.35654235283746,0.0,1.0,1.0126189338063394,0.5001785001418798
Mushroom Packaging,Bio-composite,4.847554536089459,1.0,1.0,0.19512635205735734,3.8800023525928418
Cardboard,Paper,14.379664779831195,1.0,1.0,0.8381333598526706,0.6682336300203167
Cardboard,Paper,14.999814915976629,1.0,1.0,0.8144736384858118,0.718338593086142
Virgin PET,Plastic,57.949914586492284,0.0,0.9,2.5751096032478356,1.8666792842627082
PLA (Bio-plastic),Biopolymer,50.50430740288432,0.95,0.2,0.48992469197093036,3.5094212435187213
Glass,Glass,40.186577144390185,0.0,1.0,0.9826896834227237,0.5227351481222596
PLA (Bio-plastic),Biopolymer,48.4811787222896,0.95,0.2,0.4797886121996507,3.558185176521886
Virgin PET,Plastic,58.70867426978163,0.0,0.9,2.416637040711904,1.7272401493863552
Glass,Glass,39.13520616405578,0.0,1.0,1.0476037100327544,0.4973646938825121
PLA (Bio-plastic),Biopolymer,51.51304346253349,0.95,0.2,0.5116617842266741,3.3651014873592424
Recycled PET,Recycled Plastic,57.41926147927006,0.0,1.0,1.2534393622505693,2.172017818606002
Virgin PET,Plastic,59.90242524520072,0.0,0.9,2.507031316625994,1.8397845069460548
Aluminum,Metal,207.11290273234516,0.0,1.0,12.360717088648368,2.5465063624341937
Recycled PET,Recycled Plastic,54.32725802942424,0.0,1.0,1.2197844300377234,2.1547801730670577
Aluminum,Metal,190.87747069365764,0.0,1.0,11.453407961598023,2.3934295238231593
Glass,Glass,39.56292094187327,0.0,1.0,1.02935458665631,0.4984091046315887
Glass,Glass,38.35910460300327,0.0,1.0,1.0162423569088423,0.5100167131887271
Recycled PET,Recycled Plastic,55.82788205760946,0.0,1.0,1.2251588636502528,2.1743216571639556
Virgin PET,Plastic,60.74989173431106,0.0,0.9,2.4005658969173242,1.7767135033424064
PLA (Bio-plastic),Biopolymer,49.64267374484897,0.95,0.2,0.49764009227777317,3.555234792219844
Mushroom Packaging,Bio-composite,5.018487415555391,1.0,1.0,0.20256692195503445,3.8576411504299766
Aluminum,Metal,208.70020813661418,0.0,1.0,11.561196740220502,2.399585140498693
Cardboard,Paper,14.924045313266843,1.0,1.0,0.8163725331293714,0.7086500638291678
PLA (Bio-plastic),Biopolymer,52.390646185104316,0.95,0.2,0.4876883268334342,3.3917636185568156
Aluminum,Metal,202.97903855732548,0.0,1.0,11.420446760028296,2.460615967537674
Recycled PET,Recycled Plastic,56.12577996493535,0.0,1.0,1.171516826984171,2.12537330102796
Mushroom Packaging,Bio-composite,4.983580631795472,1.0,1.0,0.1923679454035291,3.9738894729714302
Virgin PET,Plastic,62.255593840707675,0.0,0.9,2.5975119382699425,1.726853723396094
Virgin PET,Plastic,62.33019437150879,0.0,0.9,2.6075956200625283,1.8828347886314125
Glass,Glass,41.782451542769294,0.0,1.0,0.9913817272990906,0.510202450741474
Mushroom Packaging,Bio-composite,4.78056488158665,1.0,1.0,0.19442026783965372,4.095666384223913
Aluminum,Metal,195.51449281221338,0.0,1.0,11.862534228872697,2.410598507797165
Recycled PET,Recycled Plastic,52.552216786562745,0.0,1.0,1.208289311306344,2.1668546074212314
PLA (Bio-plastic),Biopolymer,47.89508134043758,0.95,0.2,0.5030483234015833,3.349912784853658
Recycled PET,Recycled Plastic,54.54394363551877,0.0,1.0,1.2444508275262718,2.0622951364144204
Virgin PET,Plastic,58.87078805531858,0.0,0.9,2.504118539515217,1.7350323920539517
Mushroom Packaging,Bio-composite,4.802739380451765,1.0,1.0,0.19296116172883226,4.106086077148695
Recycled PET,Recycled Plastic,52.583681743290995,0.0,1.0,1.2183270696426896,2.0058788273551964
Virgin PET,Plastic,60.99691294265652,0.0,0.9,2.489627741141025,1.751306539516095
Aluminum,Metal,193.21541315243735,0.0,1.0,11.727066343829929,2.561877473114738
Recycled PET,Recycled Plastic,54.18699147835358,0.0,1.0,1.2147493989519311,2.0410361974172395
Mushroom Packaging,Bio-composite,5.053374589356082,1.0,1.0,0.20864020685878507,3.8245228414186005
Aluminum,Metal,192.70399213687003,0.0,1.0,12.239507602505295,2.412702807223921
Cardboard,Paper,14.674249254385124,1.0,1.0,0.8372227516058208,0.7171404699050273
Aluminum,Metal,192.84525612731366,0.0,1.0,12.156922184775432,2.3963379895051324
Mushroom Packaging,Bio-composite,4.999850603744802,1.0,1.0,0.19512479021931378,4.043450070373214
Glass,Glass,41.64523795478905,0.0,1.0,0.9824929360120654,0.4796664186642517
PLA (Bio-plastic),Biopolymer,50.14599185280246,0.95,0.2,0.5206932042111899,3.5591047390830584
Cardboard,Paper,15.575391778064176,1.0,1.0,0.7751001103854579,0.7181520199738837
Cardboard,Paper,15.241902532921769,1.0,1.0,0.7738338228405519,0.6994767700851805
Mushroom Packaging,Bio-composite,4.774284017673959,1.0,1.0,0.20274001303087302,4.057988127501702
PLA (Bio-plastic),Biopolymer,48.42110342220767,0.95,0.2,0.4761257500305645,3.4085944157439365
Glass,Glass,41.20611972363318,0.0,1.0,1.0164850830415335,0.47782607945321215
Cardboard,Paper,15.262044980440503,1.0,1.0,0.8300218451331246,0.6939074965331875
Cardboard,Paper,14.797010587520143,1.0,1.0,0.8360082341438171,0.6744478793425343
Virgin PET,Plastic,62.56589340464458,0.0,0.9,2.3818013432013037,1.8696528740990805
Cardboard,Paper,15.648413850801237,1.0,1.0,0.8266107556224059,0.73083753750581
Mushroom Packaging,Bio-composite,5.21810476833644,1.0,1.0,0.1921475030726274,4.165111893501832
Aluminum,Metal,204.75144943680905,0.0,1.0,12.253939009286025,2.39881564017228
Recycled PET,Recycled Plastic,54.17920617582037,0.0,1.0,1.195732544731352,2.17212864489293
Recycled PET,Recycled Plastic,55.037574271898144,0.0,1.0,1.1722208526183677,2.144482077546104
Glass,Glass,41.81626265119445,0.0,1.0,1.00932398162764,0.4882315409659989
PLA (Bio-plastic),Biopolymer,49.280304508558075,0.95,0.2,0.512972674826609,3.599894361820976
Aluminum,Metal,193.51241606134474,0.0,1.0,12.018117798320532,2.4281187363013363
Virgin PET,Plastic,58.059459969354336,0.0,0.9,2.519698983042322,1.8801487899055158
PLA (Bio-plastic),Biopolymer,47.96719534767099,0.95,0.2,0.4873232647945259,3.5231246544420074
Cardboard,Paper,14.3177097088641,1.0,1.0,0.8018523048869579,0.7046834770771752
PLA (Bio-plastic),Biopolymer,49.21201376474977,0.95,0.2,0.4938540300593629,3.6531472550813984
Virgin PET,Plastic,61.71726209992706,0.0,0.9,2.460347333036728,1.7243711928440228
Aluminum,Metal,200.42380668331106,0.0,1.0,11.78003129589544,2.4829734906892504
Virgin PET,Plastic,61.62568414886869,0.0,0.9,2.476945555046673,1.7543375911630315
Aluminum,Metal,207.9222328260358,0.0,1.0,12.164355748824441,2.5087600262539156
Cardboard,Paper,14.769560236902516,1.0,1.0,0.7790726045231727,0.6719821780641348
Aluminum,Metal,202.89914953774164,0.0,1.0,11.58987305646296,2.4509031415031455
Mushroom Packaging,Bio-composite,4.872979950853428,1.0,1.0,0.197813179061149,4.1486105894084595
Mushroom Packaging,Bio-composite,5.206455277321224,1.0,1.0,0.20696023865055155,4.020353888131969
PLA (Bio-plastic),Biopolymer,47.76310196135951,0.95,0.2,0.4767485299710002,3.5231730403966988
Glass,Glass,39.308685319578515,0.0,1.0,1.0307826464179306,0.5053609280581679
Cardboard,Paper,15.697539664072174,1.0,1.0,0.8297046247879989,0.6663198008520609
PLA (Bio-plastic),Biopolymer,48.55010565962107,0.95,0.2,0.4942775389709187,3.5754061322896464
Cardboard,Paper,15.267645041504117,1.0,1.0,0.82519100685312,0.7038211058365711
Aluminum,Metal,205.25465682257834,0.0,1.0,11.971877756482423,2.5709178671998503
Aluminum,Metal,204.31069550950775,0.0,1.0,12.564365182716218,2.486094655943662
